Titulo,Enlace,Imagen
Dark Chocolate Zucchini Bread Snack Squares,https://diabetesfoodhub.org/recipes/dark-chocolate-zucchini-bread-snack-squares,/sites/foodhub/files/styles/program_card_392x560_/public/Dark%20Chocolate%20Zucchini%20Bread%20Snack%20Squares%20diabetic.png?h=6073c725&itok=-6wiCo30
Peanut Butter Blondies with Cacao Nibs,https://diabetesfoodhub.org/recipes/peanut-butter-blondies-cacao-nibs,/sites/foodhub/files/styles/program_card_392x560_/public/PB%20Blondies%20for%20Diabetics.png?h=6073c725&itok=rh0YJ2lN
Sugar Free Yogurt Parfait with Fresh Berries,https://diabetesfoodhub.org/recipes/sugar-free-yogurt-parfait-fresh-berries,/sites/foodhub/files/styles/program_card_392x560_/public/2024-07/3485_716123127707_Stevia%20Clear-still-life-parfait-v5_rev4.jpg?h=4b93fe5e&itok=KfhjwoLU
Strawberry Stuffed French Toast,https://diabetesfoodhub.org/recipes/strawberry-stuffed-french-toast,/sites/foodhub/files/styles/program_card_392x560_/public/2024-08/5224_Splenda_StuffedStrawberry__DFH_779x590.jpg?h=af2456f0&itok=GzrwETGT
Mint Chocolate Chip Cookies,https://diabetesfoodhub.org/recipes/mint-chocolate-chip-cookies,/sites/foodhub/files/styles/program_card_392x560_/public/Splenda_Recipes_MAR_779x590.jpg?h=ce0805cc&itok=9_2SpJNP
Raspberry Swirl Frozen Yogurt Bark,https://diabetesfoodhub.org/recipes/raspberry-swirl-frozen-yogurt-bark,/sites/foodhub/files/styles/program_card_392x560_/public/2024-08/rasberryswirlfrozenyogurtbark_v2.jpg?h=94fe4c7b&itok=E938i7qE
Parmesan Tofu with Butternut Squash Noodles,https://diabetesfoodhub.org/recipes/parmesan-tofu-butternut-squash-noodles,/sites/foodhub/files/styles/program_card_392x560_/public/Parmesan%20tofu%20butternut%20squash%20noodles%20diabetic.png?h=6073c725&itok=BVPsl7FN
Ginger Infused Oatmeal,https://diabetesfoodhub.org/recipes/ginger-infused-oatmeal,/sites/foodhub/files/styles/program_card_392x560_/public/Ginger%20Infused%20Oatmeal%20Diabetic.png?h=6073c725&itok=W_hdpz9E
Grilled Chicken with Plums and Zucchini Skewers,https://diabetesfoodhub.org/recipes/grilled-chicken-plums-and-zucchini-skewers,/sites/foodhub/files/styles/program_card_392x560_/public/grilled%20chicken%20skewers%20plum%20diabetic.png?h=6073c725&itok=UaQPDKxg
Maple-Pumpkin Spice Oatmeal Cookies,https://diabetesfoodhub.org/recipes/maple-pumpkin-spice-oatmeal-cookies,/sites/foodhub/files/styles/program_card_392x560_/public/Maple%20Pumpkin%20Diabetic%20Cookies.png?h=6073c725&itok=47xc1IAm
"Grilled ''Honey"" BBQ Chicken",https://diabetesfoodhub.org/recipes/grilled-honey-bbq-chicken,/sites/foodhub/files/styles/card_container_3_column_392w/public/Splenda_Recipes_JUN_779x590.jpg?h=13bbb1f7&itok=nDpEm0Lg
Low Carb Chicken and Zucchini Casserole,https://diabetesfoodhub.org/recipes/low-carb-chicken-and-zucchini-casserole,/sites/foodhub/files/styles/card_container_3_column_392w/public/zucchini%20chicken%20casserole%20diabetic.png?h=209ac277&itok=ru_KDC08
Whole Wheat Fresh Gingerbread,https://diabetesfoodhub.org/recipes/whole-wheat-fresh-gingerbread,/sites/foodhub/files/styles/card_container_3_column_392w/public/Fresh%20Gingerbread%20Diabetic.png?h=209ac277&itok=gDxSqieI
Spiced Dutch Baby with Pumpkin Butter,https://diabetesfoodhub.org/recipes/spiced-dutch-baby-pumpkin-butter,/sites/foodhub/files/styles/card_container_3_column_392w/public/Diabetic%20pumpkin%20spice%20dutch%20baby.png?h=209ac277&itok=YdyTU8CK
Plum Muffins,https://diabetesfoodhub.org/recipes/plum-muffins,/sites/foodhub/files/styles/card_container_3_column_392w/public/Plum%20Muffin%20diabetic%20diabetes%20food%20hub.png?h=209ac277&itok=FFA1fAt1
Chocolate Peanut Butter Cup Yogurt Parfait,https://diabetesfoodhub.org/recipes/chocolate-peanut-butter-cup-yogurt-parfait,/sites/foodhub/files/styles/card_container_3_column_392w/public/2024-07/Splenda_Recipes_ChocolatePeanutButterCupYogurtParfait-no-logo.jpg?h=52ed2d43&itok=xtTd0nnR
"Cocoa-Peppermint Power Pudding, Plant-Based",https://diabetesfoodhub.org/recipes/cocoa-peppermint-power-pudding-plant-based,/sites/foodhub/files/styles/card_container_3_column_392w/public/Cocoa%20Peppermint%20Pudding%20Diabetics.png?h=209ac277&itok=VcDDN2PF
Cookie Dough Hummus,https://diabetesfoodhub.org/recipes/cookie-dough-hummus,/sites/foodhub/files/styles/card_container_3_column_392w/public/2024-07/3492_Cookie%20Dough%20Hummus.jpg?h=a79b72b0&itok=T4mWDj8b
Butterscotch Protein Pie,https://diabetesfoodhub.org/recipes/butterscotch-protein-pie,/sites/foodhub/files/styles/card_container_3_column_392w/public/2024-07/3491_Butterscotch%20Protein%20Pie.jpg?h=5bd86e61&itok=R7vNq9oy
PB and J Granola Bars,https://diabetesfoodhub.org/recipes/pb-and-j-granola-bars,/sites/foodhub/files/styles/card_container_3_column_392w/public/2024-07/3474_PB%26J%20Granola%20Bars.jpeg?h=d3baa24d&itok=YccYJ7d-
Orange Cream Italian Soda,https://diabetesfoodhub.org/recipes/orange-cream-italian-soda,/sites/foodhub/files/styles/card_container_3_column_392w/public/2024-07/3473_Orange%20Cream%20Italian%20Soda.jpg?h=c98ea363&itok=4bEXsy1s
Strawberry Kiwi Spritzer,https://diabetesfoodhub.org/recipes/strawberry-kiwi-spritzer,/sites/foodhub/files/styles/card_container_3_column_392w/public/2024-07/3447_SweetLeaf%20Spritzer.jpg?h=16c1dfeb&itok=RfAyaPPk
Family Style Chicken Pot Pie,https://diabetesfoodhub.org/recipes/family-style-chicken-pot-pie,/sites/foodhub/files/styles/card_container_3_column_392w/public/Recipe%20Size%20%282%29.png?h=209ac277&itok=Do5IMs_E
Dairy-Free Loaded Nachos,https://diabetesfoodhub.org/recipes/dairy-free-loaded-nachos,/sites/foodhub/files/styles/card_container_3_column_392w/public/Recipe%20Size_6.png?h=209ac277&itok=PN70O4en
Pumpkin-Banana Muffins,https://diabetesfoodhub.org/recipes/pumpkin-banana-muffins,/sites/foodhub/files/styles/card_container_3_column_392w/public/Recipe%20Size_3.png?h=209ac277&itok=dTDtXW_O
Creamy Pumpkin Pasta,https://diabetesfoodhub.org/recipes/creamy-pumpkin-pasta,/sites/foodhub/files/styles/card_container_3_column_392w/public/Creamy%20Pumpkin%20Pasta.png?h=209ac277&itok=NOI6txis
Chicken Apple Crunch Salad,https://diabetesfoodhub.org/recipes/chicken-apple-crunch-salad,/sites/foodhub/files/styles/card_container_3_column_392w/public/Chicken%20Apple%20Crunch%20Salad.png?h=209ac277&itok=rqgB_FWg
Broccoli and Apple Salad,https://diabetesfoodhub.org/recipes/broccoli-and-apple-salad,/sites/foodhub/files/styles/card_container_3_column_392w/public/Broccoli%20Apple%20Walnut%20Salad.png?h=209ac277&itok=rlfvm1Hk
Chicken Nuggets with Honey Mustard Dipping Sauce,https://diabetesfoodhub.org/recipes/chicken-nuggets-honey-mustard-dipping-sauce,/sites/foodhub/files/styles/card_container_3_column_392w/public/Chicken%20Nuggets%20Honey%20Mustard%20Sauce.png?h=209ac277&itok=K0njfk0K
Colorful Pasta Salad,https://diabetesfoodhub.org/recipes/colorful-pasta-salad,/sites/foodhub/files/styles/card_container_3_column_392w/public/Recipe%20Size_2.png?h=209ac277&itok=2Vrok-0Q
Green Pesto Pasta,https://diabetesfoodhub.org/recipes/green-pesto-pasta,/sites/foodhub/files/styles/card_container_3_column_392w/public/Pasta%20Pesto.jpg?h=1d5c716d&itok=2_MgP1bT
Pesto Chicken with Vegetables and Spaghetti,https://diabetesfoodhub.org/recipes/pesto-chicken-vegetables-and-spaghetti,/sites/foodhub/files/styles/card_container_3_column_392w/public/Chicken%20Pesto%20Spaghetti.jpg?h=ca67ec91&itok=E-ufoOO5
Strawberry Cream Cheese French Toast Casserole,https://diabetesfoodhub.org/recipes/strawberry-cream-cheese-french-toast-casserole,/sites/foodhub/files/styles/card_container_3_column_392w/public/2024-07/davita_strawberry_french_toast_casserole_cream_cheese.png?h=a633667d&itok=zqS0UAPc
Green Bell Pepper Enchiladas,https://diabetesfoodhub.org/recipes/green-bell-pepper-enchiladas,/sites/foodhub/files/styles/card_container_3_column_392w/public/Recipe%20Size_1.png?h=209ac277&itok=0Rbw55uF
Unstuffed Pepper Casserole,https://diabetesfoodhub.org/recipes/unstuffed-pepper-casserole,/sites/foodhub/files/styles/card_container_3_column_392w/public/Recipe%20Size.png?h=209ac277&itok=REEnPiC4
Simple Roasted Peppers,https://diabetesfoodhub.org/recipes/simple-roasted-peppers,/sites/foodhub/files/styles/card_container_3_column_392w/public/simple-roasted-peppers.jpg?h=209ac277&itok=oTHAlO6z
Parfait de pudín de calabaza con galletas de jengibre,https://diabetesfoodhub.org/recipes/parfait-de-pudin-de-calabaza-con-galletas-de-jengibre,/sites/foodhub/files/styles/card_container_3_column_392w/public/420-diabetic-pumpkin-pudding-parfait-with-gingersnaps_diabetes-ckbk_DFNovDec19_101020.jpg?h=3b98158e&itok=WsytU7Ed
Lentil Sloppy Joes,https://diabetesfoodhub.org/recipes/lentil-sloppy-joes,/sites/foodhub/files/styles/card_container_3_column_392w/public/lentil-sloppy-joes.jpg?h=209ac277&itok=wkbbb2Dt
Strawberry Yogurt Whips,https://diabetesfoodhub.org/recipes/strawberry-yogurt-whips,/sites/foodhub/files/styles/card_container_3_column_392w/public/2024-07/2161_Strawberry%20Yogurt%20Whips%20-%20Original%20Photo.jpg?h=0ab7c2e0&itok=8S8XHVrR
Cookie Dough Truffles,https://diabetesfoodhub.org/recipes/cookie-dough-truffles,/sites/foodhub/files/styles/card_container_3_column_392w/public/2024-07/2155_Cookie%20Dough%20Truffles%20-%20Original%20Photo.png?h=920929c4&itok=eUQwK6mV
Cherry Chocolate Chip Trail Mix Cookies,https://diabetesfoodhub.org/recipes/cherry-chocolate-chip-trail-mix-cookies,/sites/foodhub/files/styles/card_container_3_column_392w/public/2024-07/2154_Cherry%20Chocolate%20Chip%20Trail%20Mix%20Cookies%20-%20Original%20Photo.jpg?h=7b7b9f58&itok=7K5zQ_9n
Chocolate Cherry Smoothie,https://diabetesfoodhub.org/recipes/chocolate-cherry-smoothie,/sites/foodhub/files/styles/card_container_3_column_392w/public/2024-07/2153_2.2%20Chocolate%20Cherry%20Smoothie.jpg?h=d481206f&itok=0aXuHOdr
Dark Chocolate Almond Nice Cream,https://diabetesfoodhub.org/recipes/dark-chocolate-almond-nice-cream,/sites/foodhub/files/styles/card_container_3_column_392w/public/2024-07/2126_Dark%20Chocolate%20Almond%20Nice%20Cream%20-%20Original%20Photo.jpg?h=de0f39d9&itok=_dWdQWLU
Banana Chocolate Chip Mini Muffins,https://diabetesfoodhub.org/recipes/banana-chocolate-chip-mini-muffins,/sites/foodhub/files/styles/card_container_3_column_392w/public/2024-07/2124_Banana%20Choc%20Chip%20Mini%20Muffins%20-%20Original%20Photo.jpg?h=32c6afea&itok=4ny8C7_O
Nuts for Pine Nuts Pizza,https://diabetesfoodhub.org/recipes/nuts-pine-nuts-pizza,/sites/foodhub/files/styles/card_container_3_column_392w/public/Nuts%20for%20Pine%20Nuts%20Pizza%20for%20Diabetes.png?h=209ac277&itok=m6gvMjiP
Avocado Egg Pizza,https://diabetesfoodhub.org/recipes/avocado-egg-pizza,/sites/foodhub/files/styles/card_container_3_column_392w/public/Avocadi%20Egg%20Pizza%20for%20Diabetics.png?h=209ac277&itok=7E0aAMgP
Slow Cooker Apricot Barbecue Pulled Chicken Sliders,https://diabetesfoodhub.org/recipes/slow-cooker-apricot-barbecue-pulled-chicken-sliders,/sites/foodhub/files/styles/card_container_3_column_392w/public/slow-cooker-apricot-bbq-dfh-crop.jpg?h=209ac277&itok=I3ci5T6n
Grilled Pepper Steak Tostada,https://diabetesfoodhub.org/recipes/grilled-pepper-steak-tostada,/sites/foodhub/files/styles/card_container_3_column_392w/public/grilled-pepper-steak-tostada-crop-dfh.jpg?h=209ac277&itok=gqYOXqfC
Apple Walnut French Toast (Cloud Bread),https://diabetesfoodhub.org/recipes/apple-walnut-french-toast-cloud-bread,/sites/foodhub/files/styles/card_container_3_column_392w/public/apple-walnut-french-toast-cloud-bread-final-2_1.jpg?h=209ac277&itok=jaRMDKaB
Watermelon Lime Slushie,https://diabetesfoodhub.org/recipes/watermelon-lime-slushie,/sites/foodhub/files/styles/card_container_3_column_392w/public/2084-diabetic-low-carb-watermelon-mint-slushies_low-carb-brissette_050721.jpg?h=3b98158e&itok=1TvXJK3T
Cinnamon Apple Chips with Peanut Butter Yogurt Dip,https://diabetesfoodhub.org/recipes/cinnamon-apple-chips-peanut-butter-yogurt-dip,/sites/foodhub/files/styles/card_container_3_column_392w/public/2024-07/2065_diabetic-Apple-Chips-peanut-butter-yogurt-dip_Splenda_050421_2959761669.jpg?h=209ac277&itok=5DXYJqcM
Cinnamon French Vanilla Overnight Oats,https://diabetesfoodhub.org/recipes/cinnamon-french-vanilla-overnight-oats,/sites/foodhub/files/styles/card_container_3_column_392w/public/2024-07/2057_Cinnamon%20French%20Vanilla%20Overnight%20Oats%20-%20Original%20Photo.jpg?h=320070b1&itok=_DK4uK3v
Quick & Easy Cheese Dip,https://diabetesfoodhub.org/recipes/quick-easy-cheese-dip,/sites/foodhub/files/styles/card_container_3_column_392w/public/2049-diabetic-Cheese-Dip-Quick_DaVita_040821.jpg?h=3d63c615&itok=Gxm8OaYO
"Sheet Pan Chicken, Green Beans & Potatoes",https://diabetesfoodhub.org/recipes/sheet-pan-chicken-green-beans-potatoes,/sites/foodhub/files/styles/card_container_3_column_392w/public/2046-diabetic-sheet-pan-Chicken-Green-Beans-Potatoes_DaVita_040821.jpg?h=3d63c615&itok=MmLtNQhx
Hummus & Red Pepper Celery Logs,https://diabetesfoodhub.org/recipes/hummus-red-pepper-celery-logs,/sites/foodhub/files/styles/card_container_3_column_392w/public/2040-diabetic-Hummus-Red-Pepper-Celery-Logs_DaVita_040821.jpg?h=3d63c615&itok=sX9efXE4
Beef Wrap Lunch Box,https://diabetesfoodhub.org/recipes/beef-wrap-lunch-box,/sites/foodhub/files/styles/card_container_3_column_392w/public/2030-diabetic-Tortilla-Beef-Rollup-Lunch-Box_DaVita_040821.jpg?h=3d63c615&itok=iiG-MkSn
Almond Cranberry Celery Logs,https://diabetesfoodhub.org/recipes/almond-cranberry-celery-logs,/sites/foodhub/files/styles/card_container_3_column_392w/public/2025-diabetic-Almond-Cranberry-Celery-Logs_DaVita_040821.jpg?h=3d63c615&itok=nnUh0Hsb
"Strawberry Banana ""Ice Cream""",https://diabetesfoodhub.org/recipes/strawberry-banana-ice-cream,/sites/foodhub/files/styles/card_container_3_column_392w/public/2021-diabetic-dessert-strawberry-banana-ice-cream_diabetes-cookbook_081618_1021x779.jpg?h=3b98158e&itok=WVx_3i9-
Orange and Apple Bars,https://diabetesfoodhub.org/recipes/orange-and-apple-bars,/sites/foodhub/files/styles/card_container_3_column_392w/public/2014-diabetic-dessert-Orange-Apple-Bars_KDBH-bookazine_012821.jpg?h=3b98158e&itok=_Y4mimC3
Roasted Veggie Pizza on Phyllo Crust,https://diabetesfoodhub.org/recipes/roasted-veggie-pizza-phyllo-crust,/sites/foodhub/files/styles/card_container_3_column_392w/public/2007-diabetic-Roasted-Veggie-Pizza-Phyllo-Crust_KDBH-bookazine_012821.jpg?h=3b98158e&itok=stNkf82K
Baked Parmesan Chicken,https://diabetesfoodhub.org/recipes/baked-parmesan-chicken,/sites/foodhub/files/styles/card_container_3_column_392w/public/1995-diabetic-Baked-Parmesan-Chicken_KDBH-bookazine_012821.jpg?h=3b98158e&itok=HcgH08WL
Easy Chicken and Vegetable Casserole,https://diabetesfoodhub.org/recipes/easy-chicken-and-vegetable-casserole,/sites/foodhub/files/styles/card_container_3_column_392w/public/1956-diabetic-chicken-rice-vegetable-casserole_Clean-and-simple_AdobeStock179950044_050120.jpg?h=3b98158e&itok=U7nV-k2y
Baja Turkey Burgers,https://diabetesfoodhub.org/recipes/baja-turkey-burgers,/sites/foodhub/files/styles/card_container_3_column_392w/public/1945-baja-turkey-burger-DFH-MJ20.jpg?h=3b98158e&itok=CWjjHqJi
Easy Egg Muffins,https://diabetesfoodhub.org/recipes/easy-egg-muffins,/sites/foodhub/files/styles/card_container_3_column_392w/public/1944-diabetic-breakfast-easy-egg-spinach-muffins_DCME_AdobeStock211356942_040120.jpg?h=3b98158e&itok=oKJGEhhZ
Herby Bean Dip,https://diabetesfoodhub.org/recipes/herby-bean-dip,/sites/foodhub/files/styles/card_container_3_column_392w/public/1931-diabetic-easy-bean-dip-herb_AS_242090484_031920.jpg?h=e7a701ff&itok=_A2H00wo
Hard Boiled Egg,https://diabetesfoodhub.org/recipes/hard-boiled-egg,/sites/foodhub/files/styles/card_container_3_column_392w/public/1930-hard-boiled-egg-diabetic_AS_163304407_031920.jpg?h=e7a701ff&itok=CorORcuu
Easy Egg Salad,https://diabetesfoodhub.org/recipes/easy-egg-salad,/sites/foodhub/files/styles/card_container_3_column_392w/public/1929-easy-diabetic-egg-salad_AS_291791604_031920.jpg?h=e7a701ff&itok=-okzxcEY
Basic Bean Burger,https://diabetesfoodhub.org/recipes/basic-bean-burger,/sites/foodhub/files/styles/card_container_3_column_392w/public/1927-basic-bean-burger-diabetic-simple_AS_58279288_031920.jpg?h=e7a701ff&itok=GCVXRTlR
Easy Turkey Chili,https://diabetesfoodhub.org/recipes/easy-turkey-chili,/sites/foodhub/files/styles/card_container_3_column_392w/public/1926-easy-turkey-chili-diabetic_AS_295317171_040220.jpg?h=e7a701ff&itok=HYzFKptP
Apple Pie Yogurt Parfait,https://diabetesfoodhub.org/recipes/apple-pie-yogurt-parfait,/sites/foodhub/files/styles/card_container_3_column_392w/public/1914-diabetic-breakfast-apple-pie-yogurt-parfait_create-your-plate_022020.jpg?h=3b98158e&itok=U1OtB5sl
"Peanut Butter, Cranberry, and Walnut Apple Slices",https://diabetesfoodhub.org/recipes/peanut-butter-cranberry-and-walnut-apple-slices,/sites/foodhub/files/styles/card_container_3_column_392w/public/1903-diabetic-snack-peanut-butter-cranberry-walnnut-apples_create-your-plate_022020.jpg?h=3b98158e&itok=ZoLcaWFF
BBQ Popcorn,https://diabetesfoodhub.org/recipes/bbq-popcorn,/sites/foodhub/files/styles/card_container_3_column_392w/public/1870-diabetic-snack-BBQ-Popcorn_clean-and-simple_120919.jpg?h=3b98158e&itok=XWgpcYpB
Homemade Fruit-Sweetened Granola,https://diabetesfoodhub.org/recipes/homemade-fruit-sweetened-granola,/sites/foodhub/files/styles/card_container_3_column_392w/public/1868-diabetic-homemade-fruit-sweetened-granola_clean-and-simple_shutterstock1315427237_120919.jpg?h=3b98158e&itok=uPMuyvPV
Turkey Meatballs Arrabbiata,https://diabetesfoodhub.org/recipes/turkey-meatballs-arrabbiata,/sites/foodhub/files/styles/card_container_3_column_392w/public/1855-diabetic-turkey-meatballs-arrabiata_clean-and-simple_DFJanFeb20_120219.jpg?h=3b98158e&itok=HdsbpEK4
Crunchy Coleslaw Turkey Sandwich,https://diabetesfoodhub.org/recipes/crunchy-coleslaw-turkey-sandwich,/sites/foodhub/files/styles/card_container_3_column_392w/public/1843-diabetic-coleslaw-turkey-sandwich_mix-and-match-meals_shutterstock1009797748_102519.jpg?h=3b98158e&itok=TEQy71H5
Pecan-Crusted Chicken Breast,https://diabetesfoodhub.org/recipes/pecan-crusted-chicken-breast,/sites/foodhub/files/styles/card_container_3_column_392w/public/1837-diabetic-pecan-crusted-chicken-breast_JulAug20DF_clean-simple_061720.jpg?h=3b98158e&itok=YLSPPTev
"Peppermint Chocolate ""Nice Cream""",https://diabetesfoodhub.org/recipes/peppermint-chocolate-nice-cream,/sites/foodhub/files/styles/card_container_3_column_392w/public/1836-Diabetic-peppermint-chocolate-ice-cream_clean-simple-ckbk_DFNovDec19_101019.jpg?h=3b98158e&itok=wjlkCUU0
Air Fryer Crisp Egg Cups,https://diabetesfoodhub.org/recipes/air-fryer-crisp-egg-cups,/sites/foodhub/files/styles/card_container_3_column_392w/public/1813_diabetic-breakfast-air-fryer-crisp-egg-cups_air-fryer-ckbk_shutterstock1335913604_062819.jpg?h=3b98158e&itok=maCZzBNe
Air Fryer Buttermilk Fried Chicken,https://diabetesfoodhub.org/recipes/air-fryer-buttermilk-fried-chicken,/sites/foodhub/files/styles/card_container_3_column_392w/public/1811-diabetic-air-fryer-buttermilk-fried-chicken_air-fryer-ckbk_062819.jpg?h=3b98158e&itok=ui2naT9F
Latin Baked Fried Chicken,https://diabetesfoodhub.org/recipes/latin-baked-fried-chicken,/sites/foodhub/files/styles/card_container_3_column_392w/public/1751-espanol-diabetic-pollo-frito-al-horno_latin-comfort-foods_13020.jpg?h=3b98158e&itok=MnOT3XXo
Mushroom Arugula Pizza,https://diabetesfoodhub.org/recipes/mushroom-arugula-pizza,/sites/foodhub/files/styles/card_container_3_column_392w/public/1699-diabetic-Mushroom-Arugula-Pizza_Diabetes-Superfoods-Cookbook_010319.jpg?h=3b98158e&itok=nvAzaPPJ
Blueberry Sauce,https://diabetesfoodhub.org/recipes/blueberry-sauce,/sites/foodhub/files/styles/card_container_3_column_392w/public/1698-diabetic-blueberry-sauce_Diabetes-Superfoods-Cookbook_010319.jpg?h=3b98158e&itok=3Njkja3u
Oatmeal Pecan Pancakes,https://diabetesfoodhub.org/recipes/oatmeal-pecan-pancakes,/sites/foodhub/files/styles/card_container_3_column_392w/public/1697-diabetic-breakfast-Oatmeal-Pecan-Pancakes_Diabetes-Superfoods-Cookbook_010319.jpg?h=3b98158e&itok=sXzdSJO6
Chicken Salad Sliders,https://diabetesfoodhub.org/recipes/chicken-salad-sliders,/sites/foodhub/files/styles/card_container_3_column_392w/public/1695-Chicken-Salad-Sliders_Diabetes-Superfoods-Cookbook_010219.jpg?h=3b98158e&itok=Mfl-2uPL
Instant Pot Freezer Fix Chili,https://diabetesfoodhub.org/recipes/instant-pot-freezer-fix-chili,/sites/foodhub/files/styles/card_container_3_column_392w/public/1686-diabetic-instant-pot-freezer-fix-chili_Instant-Pot-Diabetes-Ckbk_052819.jpg?h=3b98158e&itok=DHH4Owe3
Pineapple and Chile Quesadillas,https://diabetesfoodhub.org/recipes/pineapple-and-chile-quesadillas,/sites/foodhub/files/styles/card_container_3_column_392w/public/1680-diabetic-pineapple-chile-quesadilla_tex-mex-diabetes-cookbook_DF_101918_1021x779.jpg?h=3b98158e&itok=Hp5e5mNk
Turkey Sloppy Joes,https://diabetesfoodhub.org/recipes/turkey-sloppy-joes,/sites/foodhub/files/styles/card_container_3_column_392w/public/1670-diabetic-turkey-sloppy-joe_new-soul-food-cookbook_100518_1021x779.jpg?h=3b98158e&itok=tWo3e9ni
Slow-Cooked Meat Loaf,https://diabetesfoodhub.org/recipes/slow-cooked-meat-loaf,/sites/foodhub/files/styles/card_container_3_column_392w/public/1667-diabetic-slow-cooker-meatloaf_new-soul-food-cookbook_100518_1021x779.jpg?h=3b98158e&itok=gW7ihl4F
Zucchini Fries,https://diabetesfoodhub.org/recipes/zucchini-fries,/sites/foodhub/files/styles/card_container_3_column_392w/public/Aviva_Plate1_Dinner_1.jpg?h=25eb7630&itok=enFCmhUN
Two-Bean Stew,https://diabetesfoodhub.org/recipes/two-bean-stew,/sites/foodhub/files/styles/card_container_3_column_392w/public/2024-07/Two-Bean-Stew-new.png?h=2751a961&itok=w3iRcUhc
Turkey Pesto Roll-Ups,https://diabetesfoodhub.org/recipes/turkey-pesto-roll-ups,/sites/foodhub/files/styles/card_container_3_column_392w/public/Mar14_Turkey_Roll_Up.jpg?h=25eb7630&itok=mYd-3Dbr
Strawberry-Lemon Cheesecake,https://diabetesfoodhub.org/recipes/strawberry-lemon-cheesecake,/sites/foodhub/files/styles/card_container_3_column_392w/public/strawberry-lemon-cheesecake-Sep15.jpg?h=25eb7630&itok=kyFdXdCA
Spiced Sweet Potato Casserole,https://diabetesfoodhub.org/recipes/spiced-sweet-potato-casserole,/sites/foodhub/files/styles/card_container_3_column_392w/public/spiced-sweet-potato-casserole-Nov14.jpg?h=25eb7630&itok=OLhKqP-s
Skillet Caraway Cornbread,https://diabetesfoodhub.org/recipes/skillet-caraway-cornbread,/sites/foodhub/files/styles/card_container_3_column_392w/public/2024-07/Skillet%20Caraway%20Cornbread.jpg?h=2751a961&itok=RMVeo5WR
Sauteed Fish Cakes,https://diabetesfoodhub.org/recipes/sauteed-fish-cakes,/sites/foodhub/files/styles/card_container_3_column_392w/public/sauteed-fish-cakes-Oct14.jpg?h=25eb7630&itok=SE6irVOM
Pumpkin-Vanilla Pudding,https://diabetesfoodhub.org/recipes/pumpkin-vanilla-pudding,/sites/foodhub/files/styles/card_container_3_column_392w/public/pumpkin-vanilla-pudding-Nov15.jpg?h=25eb7630&itok=6dFoKVqO
Pizza Dough,https://diabetesfoodhub.org/recipes/pizza-dough,/sites/foodhub/files/styles/card_container_3_column_392w/public/2024-07/pizza-dough-new.jpg?h=de0f39d9&itok=X7cVCHgj
New Ants on a Log,https://diabetesfoodhub.org/recipes/new-ants-log,/sites/foodhub/files/styles/card_container_3_column_392w/public/new-ants-on-log-may13.jpg?h=25eb7630&itok=T88-QsOu
Meat Lover's Breakfast Cups,https://diabetesfoodhub.org/recipes/meat-lovers-breakfast-cups,/sites/foodhub/files/styles/card_container_3_column_392w/public/1330-diabetic-meat-lovers-breakfast-cups_MFTK-weeknight-favorites_092718_1021x779.jpg?h=3b98158e&itok=PRkBxvkf
Maple Apples,https://diabetesfoodhub.org/recipes/maple-apples,/sites/foodhub/files/styles/card_container_3_column_392w/public/1323-diabetic-dessert-maple-apples_DFImport_AdobeStock374546038_092920.jpg?h=3b98158e&itok=odeWtnVr
Holiday Pumpkin Pie With Maple-Ginger Crust,https://diabetesfoodhub.org/recipes/holiday-pumpkin-pie-maple-ginger-crust,/sites/foodhub/files/styles/card_container_3_column_392w/public/holiday-pumpkin-pie-with-maple-ginger-crust.jpg?h=25eb7630&itok=pSmR_xo1
Herbed Bread Stuffing,https://diabetesfoodhub.org/recipes/herbed-bread-stuffing,/sites/foodhub/files/styles/card_container_3_column_392w/public/1252-diabetic-thanksgiving-herbed-bread-stuffing_healthy-home-ckbk_AdobeStock228573933_102419.jpg?h=3b98158e&itok=FwkQitTm
Dijon and Horseradish Deviled Eggs,https://diabetesfoodhub.org/recipes/dijon-and-horseradish-deviled-eggs,/sites/foodhub/files/styles/card_container_3_column_392w/public/1148-diabetic-deviled-eggs_AdobeStock237393241_040221.jpg?h=91fbd7b3&itok=PAfcFpMX
Better Mashed Potatoes,https://diabetesfoodhub.org/recipes/better-mashed-potatoes,/sites/foodhub/files/styles/card_container_3_column_392w/public/2024-07/better_mashed_potato.png?h=2751a961&itok=2n8LIXK1
Berry Salsa,https://diabetesfoodhub.org/recipes/berry-salsa,/sites/foodhub/files/styles/card_container_3_column_392w/public/strawberry-blueberry-ingredient-Dec14.jpg?h=25eb7630&itok=5dB6r59N
Veggie Dip Cups,https://diabetesfoodhub.org/recipes/veggie-dip-cups,/sites/foodhub/files/styles/card_container_3_column_392w/public/944-diabetic-veggie-dip-cups_diabetes-cookbook_081618_1021x779.jpg?h=3b98158e&itok=0q3TY-sU
Guilt-Free Breakfast Sausage Patties,https://diabetesfoodhub.org/recipes/guilt-free-breakfast-sausage-patties,/sites/foodhub/files/styles/card_container_3_column_392w/public/diabetic-guilt-free-breakfast-sausage-patties_MFTK-comfort-favorites_082218_1021x779.jpg?h=3b98158e&itok=DdWqjs3S
Whole Wheat Hot Pockets,https://diabetesfoodhub.org/recipes/whole-wheat-hot-pockets,/sites/foodhub/files/styles/card_container_3_column_392w/public/2024-07/whole_wheat_hot_pocket.png?h=7ec6f0d4&itok=QKE0duH1
Veggie and Chicken Pasta Salad,https://diabetesfoodhub.org/recipes/veggie-and-chicken-pasta-salad,/sites/foodhub/files/styles/card_container_3_column_392w/public/Recid_575_Veggie_and_Chicken_Pasta_Salad_PNCImages_03012018.jpg?h=434fda7c&itok=ys7jDNH1
Sweet and Savory Baked Apples,https://diabetesfoodhub.org/recipes/sweet-and-savory-baked-apples,/sites/foodhub/files/styles/card_container_3_column_392w/public/savory-apple-279x200.jpg?h=9c245911&itok=v0twC58n
Superfood Smoothie,https://diabetesfoodhub.org/recipes/superfood-smoothie,/sites/foodhub/files/styles/card_container_3_column_392w/public/533-diabetic-super-food-smoothie_diabetes-cookbook_081618_1021x779.jpg?h=3b98158e&itok=wqaY5rET
Summer Fruit Smoothie,https://diabetesfoodhub.org/recipes/summer-fruit-smoothie,/sites/foodhub/files/styles/card_container_3_column_392w/public/530-diabetic-summer-fruit-smoothie_AdobeStock119096304_012121.jpg?h=3b98158e&itok=bCF9f1js
Spinach Mushroom Egg and Ham Cups,https://diabetesfoodhub.org/recipes/spinach-mushroom-egg-and-ham-cups,/sites/foodhub/files/styles/card_container_3_column_392w/public/Recid_516_Spinach_Mushroom_Egg_and_Ham_Cups_PNCImages_03012018.jpg?h=59cd466c&itok=nWUSJFiU
Spinach and Ham English Muffin Pizzas,https://diabetesfoodhub.org/recipes/spinach-and-ham-english-muffin-pizzas,/sites/foodhub/files/styles/card_container_3_column_392w/public/Recid_511_Spinach_and_Ham_English_Muffin_Pizzas_PNCImages_03012018.jpg?h=a9bfd818&itok=FP-lS9NJ
Sparkling Strawberry Mint Water,https://diabetesfoodhub.org/recipes/sparkling-strawberry-mint-water,/sites/foodhub/files/styles/card_container_3_column_392w/public/507-diabetic-strawberry-lemon-mint-water_AdobeStock279494086_051121.jpg?h=3b98158e&itok=JrszxPJn
Spaghetti Squash with Light Marinara Sauce,https://diabetesfoodhub.org/recipes/spaghetti-squash-light-marinara-sauce,/sites/foodhub/files/styles/card_container_3_column_392w/public/spag-squash_279x200.jpg?h=c0ad76dd&itok=sNvORTX1
Sautéed Cinnamon Apples,https://diabetesfoodhub.org/recipes/sauteed-cinnamon-apples,/sites/foodhub/files/styles/card_container_3_column_392w/public/476-diabetic-sauteed-cinnamon-apples_AdobeStock152026201_012521.jpg?h=3b98158e&itok=TasFlMF2
Roasted Pear Sauce,https://diabetesfoodhub.org/recipes/roasted-pear-sauce,/sites/foodhub/files/styles/card_container_3_column_392w/public/Recid_454_Roasted_Pear_Sauce_02282018.jpg?h=434fda7c&itok=tza-pVD6
Roasted Chicken Breasts,https://diabetesfoodhub.org/recipes/roasted-chicken-breasts,/sites/foodhub/files/styles/card_container_3_column_392w/public/450-diabetic-roasted-chicken-breast_shutterstock332807894_012919.jpg?h=3b98158e&itok=DG04ruit
"Red, White, and Blue Pudding Trifle",https://diabetesfoodhub.org/recipes/red-white-and-blue-pudding-trifle,/sites/foodhub/files/styles/card_container_3_column_392w/public/Recid_438_Red_White_and_Blue_Pudding_Trifle_02282018.jpg?h=59cd466c&itok=vI8su8XQ
Quinoa Black Bean Burger,https://diabetesfoodhub.org/recipes/quinoa-black-bean-burger,/sites/foodhub/files/styles/card_container_3_column_392w/public/430_diabetic-quinoa-black-bean-burger_JulAug20DF_061720.jpg?h=3b98158e&itok=atB7vEoI
Pumpkin Seed Cluster Snack Mix,https://diabetesfoodhub.org/recipes/pumpkin-seed-cluster-snack-mix,/sites/foodhub/files/styles/card_container_3_column_392w/public/oct2011_pumpkin_seed_cluster_279x200-2.jpg?h=9c245911&itok=4J5k94Oq
Pumpkin Pudding Parfait with Gingersnaps,https://diabetesfoodhub.org/recipes/pumpkin-pudding-parfait-gingersnaps,/sites/foodhub/files/styles/card_container_3_column_392w/public/420-diabetic-pumpkin-pudding-parfait-with-gingersnaps_diabetes-ckbk_DFNovDec19_101019.jpg?h=3b98158e&itok=DkQF4ftZ
Power Snack Mix,https://diabetesfoodhub.org/recipes/power-snack-mix,/sites/foodhub/files/styles/card_container_3_column_392w/public/2024-07/recid_416_power_snack_mix_02282018_4054547978.jpg?h=5a22bfab&itok=QlHmt78Z
Pineapple Peach Sorbet,https://diabetesfoodhub.org/recipes/pineapple-peach-sorbet,/sites/foodhub/files/styles/card_container_3_column_392w/public/405-diabetic-dessert-pineapple-peach-sorbet_AdobeStock84699480_022321.jpg?h=3b98158e&itok=0LBe3vYH
Peanut Butter Banana Oat Bites,https://diabetesfoodhub.org/recipes/peanut-butter-banana-oat-bites,/sites/foodhub/files/styles/card_container_3_column_392w/public/383_diabetic-peanut-butter-banana-oat-bites_diabetes-cookbook_081618_1021x779.jpg?h=3b98158e&itok=k6CARSYU
Parmesan Crusted Chicken,https://diabetesfoodhub.org/recipes/parmesan-crusted-chicken,/sites/foodhub/files/styles/card_container_3_column_392w/public/394-diabetic-parmesan-crusted-chicken_diabetes-cookbook_082418_1021x779.jpg?h=3b98158e&itok=gCGCBU4R
Panko Ranch Chicken Strips with Dipping Sauce,https://diabetesfoodhub.org/recipes/panko-ranch-chicken-strips-dipping-sauce,/sites/foodhub/files/styles/card_container_3_column_392w/public/RecId_781_Panko%20Ranch%20Chicken%20Strips%20with%20Grilley%20Soy%20Pepper%20petites_4IngredientCookbook_022518.jpg?h=006dce5d&itok=j06OC5C7
OK Oatmeal with Strawberries and Almonds,https://diabetesfoodhub.org/recipes/ok-oatmeal-strawberries-and-almonds,/sites/foodhub/files/styles/card_container_3_column_392w/public/383-OatmealStrawberriesDiabetic_155758846_041018.jpg?h=e7a701ff&itok=LAKW3Bi_
Nuts about Pizza for Breakfast,https://diabetesfoodhub.org/recipes/nuts-about-pizza-breakfast,/sites/foodhub/files/styles/card_container_3_column_392w/public/Recid_380_Nuts_about_Pizza_for_Breakfast_MG_4752-%28ZF-5661-35964-1-122%29_02282018.jpg?h=59cd466c&itok=vYLzoA6w
No-Bake Peanut Butter & Chocolate Bites,https://diabetesfoodhub.org/recipes/no-bake-peanut-butter-chocolate-bites,/sites/foodhub/files/styles/card_container_3_column_392w/public/378-diabetic-peanut-butter-chocolate-aot-energy-bites_AdobeStock_314579916_022621.jpg?h=3b98158e&itok=jqoj1LhC
Mini-Pumpkin Tarts,https://diabetesfoodhub.org/recipes/mini-pumpkin-tarts,/sites/foodhub/files/styles/card_container_3_column_392w/public/Recid_367_Mini-Pumpkin_Tarts_MG_6279-%28ZF-5661-35964-1-027%29_02282018.jpg?h=434fda7c&itok=df1O7apv
Melon Coolers,https://diabetesfoodhub.org/recipes/melon-coolers,/sites/foodhub/files/styles/card_container_3_column_392w/public/RecId_767_Shrimp%20and%20Bell%20Pepper%20Tacos_Melon%20Coolers_SmartShopperCkbk_022618.jpg?h=006dce5d&itok=VEELtp92
Master Chicken Stir Fry,https://diabetesfoodhub.org/recipes/master-chicken-stir-fry,/sites/foodhub/files/styles/card_container_3_column_392w/public/RecId_766_MasterStirFryChickenStirFry_PerfectComfortCollection_022618.jpg?h=006dce5d&itok=6mgg-x5a
Meatball Kabobs,https://diabetesfoodhub.org/recipes/meatball-kabobs,/sites/foodhub/files/styles/card_container_3_column_392w/public/may2014-meatball-kabobs.jpg?h=9c245911&itok=EcsPHP41
Low-Sodium Sugar-Free Pickles,https://diabetesfoodhub.org/recipes/low-sodium-sugar-free-pickles,/sites/foodhub/files/styles/card_container_3_column_392w/public/343-low-sodium-Sugar-Free-Pickles_495057505_04112018%20.jpg?h=e7a701ff&itok=yNDEcqIL
Low Carb Lunchbox,https://diabetesfoodhub.org/recipes/low-carb-lunchbox,/sites/foodhub/files/styles/card_container_3_column_392w/public/Recid_340_Low_Carb_Lunchbox_MG_4945-Edit-%28ZF-5661-35964-1-130%29_02282018.jpg?h=59cd466c&itok=IJWlZxlH
Kid-Friendly Raspberry Smoothie Pops,https://diabetesfoodhub.org/recipes/kid-friendly-raspberry-smoothie-pops,/sites/foodhub/files/styles/card_container_3_column_392w/public/335-diabetic-raspberry-smoothie-popsicle-kid_649059514_081219.jpg?h=e7a701ff&itok=J7o448WP
Kid-Friendly Chicken Fingers,https://diabetesfoodhub.org/recipes/kid-friendly-chicken-fingers,/sites/foodhub/files/styles/card_container_3_column_392w/public/332-diabetic-kid-friendly-chicken-fingers_Diabetes-Ckbk_DFMayJun19_040219.jpg?h=3b98158e&itok=UnXqvMVI
Kid-Friendly Meatballs,https://diabetesfoodhub.org/recipes/kid-friendly-meatballs,/sites/foodhub/files/styles/card_container_3_column_392w/public/Recid_333_Kid-Friendly_Meatballs_iStock-175542555_02282018.jpg?h=3b98158e&itok=4QQfC_EK
Jamaican Stuffed Fish With Ritz,https://diabetesfoodhub.org/recipes/jamaican-stuffed-fish-ritz,/sites/foodhub/files/styles/card_container_3_column_392w/public/2016-07-jamaican-stuffed-fish-with-ritz.jpg?h=7e3f6a9c&itok=YLzoav7T
Honey Stone Ground Mustard Chicken,https://diabetesfoodhub.org/recipes/honey-stone-ground-mustard-chicken,/sites/foodhub/files/styles/card_container_3_column_392w/public/318-Honey-Stone-Ground-Mustard-Chicken_475971448_04112018%20.jpg?h=e7a701ff&itok=es_F7Ng-
High-Fiber Zucchini Muffins,https://diabetesfoodhub.org/recipes/high-fiber-zucchini-muffins,/sites/foodhub/files/styles/card_container_3_column_392w/public/Recid_312_High-Fiber_Zucchini_Muffins_ThinkstockPhotos-115757488_02282018.jpg?h=3b98158e&itok=_Az3Uihq
"High-Fiber, Gluten-Free Brownies",https://diabetesfoodhub.org/recipes/high-fiber-gluten-free-brownies,/sites/foodhub/files/styles/card_container_3_column_392w/public/Recid_313_High-Fiber_Gluten-Free_Brownies_iStock-183359961-2_02282018.jpg?h=3b98158e&itok=w3NKBFd5
Herb and Olive Oil Mashed Potatoes,https://diabetesfoodhub.org/recipes/herb-and-olive-oil-mashed-potatoes,/sites/foodhub/files/styles/card_container_3_column_392w/public/308-herb-olive-oil-diabetic-mashed-potatoes_480537796_082218.jpg?h=e7a701ff&itok=hSVZHN8_
Healthy Homemade Lunch-in-a-Pack,https://diabetesfoodhub.org/recipes/healthy-homemade-lunch-pack,/sites/foodhub/files/styles/card_container_3_column_392w/public/Recid_303_Healthy_Homemade_Lunch_in_a_pack_MG_5812-196-%28ZF-5661-35964-1-021%29._02282018jpg.jpg?h=a9bfd818&itok=WFarqqDO
Healthy Back-to-School Lunch,https://diabetesfoodhub.org/recipes/healthy-back-school-lunch,/sites/foodhub/files/styles/card_container_3_column_392w/public/Recid_301_Healthy_Back_to_school_Lunch_MG_4918-Edit-%28ZF-5661-35964-1-133%29_20282018.jpg?h=59cd466c&itok=UFaTngTE
Grilled Pork and Cheese Quesadillas,https://diabetesfoodhub.org/recipes/grilled-pork-and-cheese-quesadillas,/sites/foodhub/files/styles/card_container_3_column_392w/public/RecId_732_Grilled%20Pork%20and%20Cheese%20Quesadilla_DiabetesComfortFood_022518.jpg?h=006dce5d&itok=uHF9EuWd
Smoothie Breakfast Bowl,https://diabetesfoodhub.org/recipes/smoothie-breakfast-bowl,/sites/foodhub/files/styles/card_container_3_column_392w/public/274-diabetic-green-smoothie-breakfast-bowl_Diabetes-cookbook_DFJanFeb2019_121018.jpg?h=3b98158e&itok=QlRFj1wy
"Green Bean ""Fries""",https://diabetesfoodhub.org/recipes/green-bean-fries,/sites/foodhub/files/styles/card_container_3_column_392w/public/Recid_272_Green_Bean_Fries_PNCImages_02272018.jpg?h=59cd466c&itok=kz-Gnsc7
Greek Yogurt Chocolate Mousse,https://diabetesfoodhub.org/recipes/greek-yogurt-chocolate-mousse,/sites/foodhub/files/styles/card_container_3_column_392w/public/271-diabetic-dessert-greek-yogurt-chocolate-mousse_Diabetes-Cookbook_DF_101818_1021x779.jpg?h=3b98158e&itok=ABMQrFN8
Good Morning Power Parfait,https://diabetesfoodhub.org/recipes/good-morning-power-parfait,/sites/foodhub/files/styles/card_container_3_column_392w/public/262-diabetic-strawberry-yogurt-parfait_AdobeStock271103235_043021.jpg?h=3b98158e&itok=B57aALAp
Gluten-Free Quinoa Chocolate Chip Cookies,https://diabetesfoodhub.org/recipes/gluten-free-quinoa-chocolate-chip-cookies,/sites/foodhub/files/styles/card_container_3_column_392w/public/Recid_260_Gluten_Free_Quinoa_Chocolate_Chip_Cookies_iStock-182701035_02282018.jpg?h=3b98158e&itok=n_smj9jZ
Gluten-Free Chocolate Banana Muffins,https://diabetesfoodhub.org/recipes/gluten-free-chocolate-banana-muffins,/sites/foodhub/files/styles/card_container_3_column_392w/public/257-Gluten-Free-Chocolate-Banana-Muffins_180972131_04112018%20.jpg?h=e7a701ff&itok=vdkoGpdE
Gluten-Free Chocolate Mug Cake,https://diabetesfoodhub.org/recipes/gluten-free-chocolate-mug-cake,/sites/foodhub/files/styles/card_container_3_column_392w/public/258-diabetic-gluten-free-mug-chocolate-mug-cake-dessert_AdobeStock250085424_012121.jpg?h=3b98158e&itok=ojalFeLO
Gluten-Free Parmesan Biscuits,https://diabetesfoodhub.org/recipes/gluten-free-parmesan-biscuits,/sites/foodhub/files/styles/card_container_3_column_392w/public/259-diabetic-low-carb-gluten-free-biscuit_175503923_020119.jpg?h=e7a701ff&itok=KE9ls77n
Gluten-Free Banana Bread,https://diabetesfoodhub.org/recipes/gluten-free-banana-bread,/sites/foodhub/files/styles/card_container_3_column_392w/public/254-diabetic-gluten-free-banana-bread_AdobeStock_303468548_012121.jpg?h=3b98158e&itok=O4P-XVIO
Gluten-Free Blueberry Corn Muffins,https://diabetesfoodhub.org/recipes/gluten-free-blueberry-corn-muffins,/sites/foodhub/files/styles/card_container_3_column_392w/public/june2012_glutenfree_muffins_istock13629561_279x200.jpg?h=9c245911&itok=8F-kQCCs
Garlic Mashed Potato Soup,https://diabetesfoodhub.org/recipes/garlic-mashed-potato-soup,/sites/foodhub/files/styles/card_container_3_column_392w/public/RecId_707_GarlicMashedPotatoSoup_SixOClockScramble_022618.jpg?h=006dce5d&itok=b4UReGBy
Garlic Pita Crisps,https://diabetesfoodhub.org/recipes/garlic-pita-crisps,/sites/foodhub/files/styles/card_container_3_column_392w/public/Recid_250_Garlic_Pita_Crisps_iStock-182404527_02282018.jpg?h=3b98158e&itok=xVmCSkmV
Fruit Salad with Honey Yogurt,https://diabetesfoodhub.org/recipes/fruit-salad-honey-yogurt,/sites/foodhub/files/styles/card_container_3_column_392w/public/246-diabetic-fruit-salad-yogurt_AdobeStock82846887_012521.jpg?h=3b98158e&itok=DNSep4G_
Fruit and Cheese Kababs,https://diabetesfoodhub.org/recipes/fruit-and-cheese-kababs,/sites/foodhub/files/styles/card_container_3_column_392w/public/245-diabetic-fruit-cheese-kabobs_082818_1021x779.jpg?h=3b98158e&itok=tyikmspO
Fruit and Almond Smoothie,https://diabetesfoodhub.org/recipes/fruit-and-almond-smoothie,/sites/foodhub/files/styles/card_container_3_column_392w/public/244-fruit-almond-milk-smoothie-diabetes_91290843_010319.jpg?h=e7a701ff&itok=BHeFYCsw
Frozen Yogurt Fruit Pops,https://diabetesfoodhub.org/recipes/frozen-yogurt-fruit-pops,/sites/foodhub/files/styles/card_container_3_column_392w/public/243-diabetic-frozen-yogurt-fruit_684586864_081118.jpg?h=e7a701ff&itok=Q0DPMSw8
Fish Fillets with Lemon Parsley Topping,https://diabetesfoodhub.org/recipes/fish-fillets-lemon-parsley-topping,/sites/foodhub/files/styles/card_container_3_column_392w/public/shutterstock_361043897.jpg?h=a95ec0ca&itok=JsJ80tZ8
Fiesta Tostadas (Mexican Pizza),https://diabetesfoodhub.org/recipes/fiesta-tostadas-mexican-pizza,/sites/foodhub/files/styles/card_container_3_column_392w/public/RecId_696_FiestaTostadas_SixOClockScramble_022618.jpg?h=006dce5d&itok=H8800Wa0
Fall Granola with Pumpkin Seeds,https://diabetesfoodhub.org/recipes/fall-granola-pumpkin-seeds,/sites/foodhub/files/styles/card_container_3_column_392w/public/oct13-fall-trail-mix-with-pumpkin-seeds_279x200.jpg?h=9c245911&itok=wQCst7U0
Double-Duty Banana Pancakes,https://diabetesfoodhub.org/recipes/double-duty-banana-pancakes,/sites/foodhub/files/styles/card_container_3_column_392w/public/RecId_688_Banana%20Pancakes_4IngredientCookbook_022518.jpg?h=006dce5d&itok=kWl9Hqjz
Dairy-Free Chocolate Ice Cream,https://diabetesfoodhub.org/recipes/dairy-free-chocolate-ice-cream,/sites/foodhub/files/styles/card_container_3_column_392w/public/218-DiabeticChocolateIceCream_484895717_061118.jpg?h=e7a701ff&itok=foQ2F-Ud
Crispy Baked Broccoli,https://diabetesfoodhub.org/recipes/crispy-baked-broccoli,/sites/foodhub/files/styles/card_container_3_column_392w/public/206-Crispy-Baked-Broccoli_178477168_04112018%20.jpg?h=e7a701ff&itok=RDEHw-Ea
Creamy Cheesy Cauliflower,https://diabetesfoodhub.org/recipes/creamy-cheesy-cauliflower,/sites/foodhub/files/styles/card_container_3_column_392w/public/nov_creamy_cheesy_caul_279x200.jpg?h=9c245911&itok=nF9SrWSA
Cream of Broccoli Soup,https://diabetesfoodhub.org/recipes/cream-broccoli-soup,/sites/foodhub/files/styles/card_container_3_column_392w/public/shutterstock_514630984.jpg?h=2f40a796&itok=7W-M618f
Cranberry Almond Muffins,https://diabetesfoodhub.org/recipes/cranberry-almond-muffins,/sites/foodhub/files/styles/card_container_3_column_392w/public/shutterstock_292679534.jpg?h=f75479b4&itok=w-gAD5_k
Classic Meatloaf,https://diabetesfoodhub.org/recipes/classic-meatloaf,/sites/foodhub/files/styles/card_container_3_column_392w/public/RecId_665_ClassicMeatloaf_PerfectComfortCollection_022618.jpg?h=006dce5d&itok=gct5rI9F
Cinnamon Roasted Pears,https://diabetesfoodhub.org/recipes/cinnamon-roasted-pears,/sites/foodhub/files/styles/card_container_3_column_392w/public/Recid_184_Cinnamon_Roasted_Pears_iStock-184982782_02282018.jpg?h=3b98158e&itok=Exs5xo3H
Cinnamon Maple Grilled Peaches,https://diabetesfoodhub.org/recipes/cinnamon-maple-grilled-peaches,/sites/foodhub/files/styles/card_container_3_column_392w/public/Recid_183_Cinnamon_Maple_Grilled_Peaches_ThinkstockPhotos-489567710_04112018%20.jpg?h=e7a701ff&itok=ESu2zQm5
Cinnamon Ginger Apple On A Stick,https://diabetesfoodhub.org/recipes/cinnamon-ginger-apple-stick,/sites/foodhub/files/styles/card_container_3_column_392w/public/2016-06-cinnamon-ginger-apple-on-a-stick.jpg?h=9c245911&itok=nkLm9Mjl
Chocolate Walnut Mug Cake,https://diabetesfoodhub.org/recipes/chocolate-walnut-mug-cake,/sites/foodhub/files/styles/card_container_3_column_392w/public/Recid_177_Chocolate_Walnut_Mug_Cake_ThinkstockPhotos496979402_04112018.jpg?h=e831b689&itok=Kk0gtWE7
Chocolate Peanut Butter Chia Seed Pudding,https://diabetesfoodhub.org/recipes/chocolate-peanut-butter-chia-seed-pudding,/sites/foodhub/files/styles/card_container_3_column_392w/public/176-diabetic-dessert-chocolate-peanut-butter-chia-pudding_AdobeStock_100285852_022621.jpg?h=3b98158e&itok=a1BxQYt0
Chicken or Turkey Pot Pie,https://diabetesfoodhub.org/recipes/chicken-or-turkey-pot-pie,/sites/foodhub/files/styles/card_container_3_column_392w/public/RecId_645_Chicken%20or%20Turkey%20Pot%20Pie_StressFreeKitchen_022618.jpg?h=006dce5d&itok=0AxSjro5
Chicken Joes,https://diabetesfoodhub.org/recipes/chicken-joes,/sites/foodhub/files/styles/card_container_3_column_392w/public/shutterstock_253271083.jpg?h=303771f0&itok=N7YYiUUo
Chicken Cheddar Rice with Asparagus,https://diabetesfoodhub.org/recipes/chicken-cheddar-rice-asparagus,/sites/foodhub/files/styles/card_container_3_column_392w/public/Recid_161_Chicken_Cheddar_Rice_with_Asparagus_PNCImages_02272018.jpg?h=59cd466c&itok=tsK6-XEk
Chicken and Vegetable Soup,https://diabetesfoodhub.org/recipes/chicken-and-vegetable-soup,/sites/foodhub/files/styles/card_container_3_column_392w/public/Recid_158_Chicken_and_Vegetable_Soup_PNCImages_02272018.jpg?h=59cd466c&itok=lU6lF0K4
Chicken and Dumplings,https://diabetesfoodhub.org/recipes/chicken-and-dumplings,/sites/foodhub/files/styles/card_container_3_column_392w/public/RecId_155_ChickenDumplings_149015324_050118.jpg?h=e7a701ff&itok=yfsoyxD0
Cheesy Cauliflower Tots,https://diabetesfoodhub.org/recipes/cheesy-cauliflower-tots,/sites/foodhub/files/styles/card_container_3_column_392w/public/152-diabetic-cheesy-cauliflower-tots_Diabetes-Ckbk_DFMayJun19_040219.jpg?h=3b98158e&itok=NbnZBTLN
"Cauliflower ""Mac"" and Cheese with Lobster",https://diabetesfoodhub.org/recipes/cauliflower-mac-and-cheese-lobster,/sites/foodhub/files/styles/card_container_3_column_392w/public/ThinkstockPhotos-489765646.jpg?h=a95ec0ca&itok=QNyNtnC5
Cajun Fish Sandwiches With Crunchy Slaw,https://diabetesfoodhub.org/recipes/cajun-fish-sandwiches-crunchy-slaw,/sites/foodhub/files/styles/card_container_3_column_392w/public/RecId_634_CajunFishSandwich_SixOClockScramble_022618.jpg?h=006dce5d&itok=ZK5nwXlq
Budget-Friendly Chicken Tostadas,https://diabetesfoodhub.org/recipes/budget-friendly-chicken-tostadas,/sites/foodhub/files/styles/card_container_3_column_392w/public/Recid_118_Budget-Friendly_Chicken%20Tostadas_MG_1367-Edit-%28ZF-5661-35964-1-091%29_02272018.jpg?h=59cd466c&itok=-_AIjkCB
Broccoli Cheese Soup,https://diabetesfoodhub.org/recipes/broccoli-cheese-soup,/sites/foodhub/files/styles/card_container_3_column_392w/public/shutterstock_749322709.jpg?h=ea952763&itok=HkBmxdgp
Broccoli Cheese Bites,https://diabetesfoodhub.org/recipes/broccoli-cheese-bites,/sites/foodhub/files/styles/card_container_3_column_392w/public/Recid_102_Broccoli%20Cheese%20Bites_PNCImagesMG_9664-Edit-%28ZF-5661-35964-1-064%29_02272018.jpg?h=59cd466c&itok=V6MnoWSx
BONUS RECIPE: Lemony Fruit Cups,https://diabetesfoodhub.org/recipes/bonus-recipe-lemony-fruit-cups,/sites/foodhub/files/styles/card_container_3_column_392w/public/feb_lemony-_fruit_cup_279x200.jpg?h=9c245911&itok=4inoKutq
Almond Joy Hot Chocolate,https://diabetesfoodhub.org/recipes/almond-joy-hot-chocolate,/sites/foodhub/files/styles/card_container_3_column_392w/public/93-diabetic-almond-joy-hot-Cocoa_639443776_111418.jpg?h=c6f8b90b&itok=mgbI2IUy
Blueberry Yogurt Lemon Bars,https://diabetesfoodhub.org/recipes/blueberry-yogurt-lemon-bars,/sites/foodhub/files/styles/card_container_3_column_392w/public/RecId_623_BlueberryYogurtLemonBars_HibiscusCitrusBerryCooler_WholeCooking_022618.jpg?h=006dce5d&itok=IsQzp0Qr
Blueberry Lemon Yogurt Parfait,https://diabetesfoodhub.org/recipes/blueberry-lemon-yogurt-parfait,/sites/foodhub/files/styles/card_container_3_column_392w/public/RecId_92_BlueberryLemonYogurtParfait_iStock16784262_021618.jpg?h=080a814b&itok=1_Jw1-x-
Berries and Cream,https://diabetesfoodhub.org/recipes/berries-and-cream,/sites/foodhub/files/styles/card_container_3_column_392w/public/Recid_83_Berries_and_Cream_PNCImages_MG_9700-Edit-%28ZF-5661-35964-1-067%2902262018.jpg?itok=kbvl1qxL
Berry Crisp,https://diabetesfoodhub.org/recipes/berry-crisp,/sites/foodhub/files/styles/card_container_3_column_392w/public/084-diabetic-dessert-berry-crisp_diabetes-cookbook_081618_1021x779.jpg?h=3b98158e&itok=d6BsCNtP
BBQ Meatballs,https://diabetesfoodhub.org/recipes/bbq-meatballs,/sites/foodhub/files/styles/card_container_3_column_392w/public/Recid_77_BBQ_Meatballs_iStock-457291949_02262018.jpg?h=3b98158e&itok=O2d2nRmW
Baked Cinnamon Stuffed Apples,https://diabetesfoodhub.org/recipes/baked-cinnamon-stuffed-apples,/sites/foodhub/files/styles/card_container_3_column_392w/public/shutterstock_605745230.jpg?h=e1791bbc&itok=wn46s8ts
Baked Cauliflower Puree,https://diabetesfoodhub.org/recipes/baked-cauliflower-puree,/sites/foodhub/files/styles/card_container_3_column_392w/public/59-diabetic-baked-cauliflower_683880865_111418-2.jpg?h=c6f8b90b&itok=BnUQxMpZ
Baked Apple Chips,https://diabetesfoodhub.org/recipes/baked-apple-chips,/sites/foodhub/files/styles/card_container_3_column_392w/public/057-diabetic-Baked-Apple-Chips_495760147_050118.jpg?h=e7a701ff&itok=er2eZIFo
Apple Crisp,https://diabetesfoodhub.org/recipes/apple-crisp,/sites/foodhub/files/styles/card_container_3_column_392w/public/043-diabetic-dessert-apple-crisp_shutterstock-1076792399_111418.jpg?h=3b98158e&itok=DYcui3EY
"Almond, Wild Blueberry, And Flax Smoothie",https://diabetesfoodhub.org/recipes/almond-wild-blueberry-and-flax-smoothie,/sites/foodhub/files/styles/card_container_3_column_392w/public/RecId_602_AlmondBlueberryAndFlaxSmoothie_WholeCooking_022618.jpg?h=006dce5d&itok=CcTEQ20v
Almond Tapioca with Banana and Corn,https://diabetesfoodhub.org/recipes/almond-tapioca-banana-and-corn,/sites/foodhub/files/styles/card_container_3_column_392w/public/038-diabetic-almond-tapioca-banana-corn_shutterstock-1042181800_111418.jpg?h=3b98158e&itok=SLxlpH1n
"""Sweet"" Potato Fries",https://diabetesfoodhub.org/recipes/sweet-potato-fries,/sites/foodhub/files/styles/card_container_3_column_392w/public/35-diabetic-sweet-potato-fries_diabetes-cookbook_081618_1021x779.jpg?h=3b98158e&itok=q1cHn4Ia
Sloppy Janes,https://diabetesfoodhub.org/recipes/sloppy-janes,/sites/foodhub/files/styles/card_container_3_column_392w/public/028-diabetic-sloppy-joe_AdobeStock_414452712_022521.jpg?h=3b98158e&itok=KvJ92rpL
"Banana Chocolate ""Ice Cream""",https://diabetesfoodhub.org/recipes/banana-chocolate-ice-cream,/sites/foodhub/files/styles/card_container_3_column_392w/public/Recid_6_Banana_Chocolate_Ice_Cream_iStock_03012018.jpg?h=8aa87c96&itok=R0wamxkP
Apricot Glazed Chicken,https://diabetesfoodhub.org/recipes/apricot-glazed-chicken,/sites/foodhub/files/styles/card_container_3_column_392w/public/001-diabetic-apricot-glazed-chicken_Thinkstock-476388528_110818_1021x779.jpg?h=3b98158e&itok=GN9nfbyu
